id,alpha,delta,diameter,majAxis,minAxis,axisRatio,posAngle,Other names,,Type,Source,
Ced 19g,56.4848,24.0634,400,400,400,1,0,M45,,REFLECTION_NEBULA,Cederblad (1946) for the cluster (78.6’ diameter) plus nebulosity,
Ced 128,243.0038,-19.4591,195,195,195,1,0,,,,Cederblad (1946),
Ced 195a,339.9521,57.5214,180,180,180,1,0,,,,Cederblad (1946),
Ursa Major Moving Group (core),165,55,300.6,300.6,180.6,1.66,130,Cl Collinder 285,,MOVING_GROUP,Gaia,
Ursa Major Moving Group (main),165,55,1274.4,1274.4,765,1.67,130,Ursa Major Moving Group,,MOVING_GROUP,Gaia,
Cl Melotte 22,56.505,24.37,744,744,744,1,0,MWSC 305,,OPEN_CLUSTER,Kharchenko (2013) gives a much broader diameter for M45 than SIMBAD or Cederblad do.,
Cl Melotte 20,51.675,48.8,732,732,732,1,0,Alpha Persei Cluster,,OPEN_CLUSTER,Kharchenko (2013),
Cl Melotte 111,185.985,26.3,507,507,507,1,0,Coma Star Cluster,,OPEN_CLUSTER,Kharchenko (2013),
Perseus OB2,57.7575,35.1,384,384,384,1,0,MWSC 307,,OPEN_CLUSTER,Kharchenko (2013),
Alessi 13,52.02,-35.87,381.6,381.6,381.6,1,0,MWSC 278,,OPEN_CLUSTER,Kharchenko (2013),
NGC 2632,130.095,19.69,372,372,372,1,0,MWSC 1527,,OPEN_CLUSTER,Kharchenko (2013),
Blanco 1,0.885,-30,282,282,282,1,0,MWSC 7,,OPEN_CLUSTER,Kharchenko (2013),
Platais 3,69.45,71.47,270,270,270,1,0,MWSC 395,,OPEN_CLUSTER,Kharchenko (2013),
Mamajek 3,81.5025,6.33,264,264,264,1,0,MWSC 544,,OPEN_CLUSTER,Kharchenko (2013),
Platais 9,137.955,-43.53,252,252,252,1,0,MWSC 1639,,OPEN_CLUSTER,Kharchenko (2013),
Platais 5,93.675,-22.5,248.4,248.4,248.4,1,0,MWSC 763,,OPEN_CLUSTER,Kharchenko (2013),
Stock 2,33.66,59.44,204,204,204,1,0,MWSC 173,,OPEN_CLUSTER,Kharchenko (2013),
Cl Collinder 65,81.525,15.67,180,180,180,1,0,MWSC 540,,OPEN_CLUSTER,Kharchenko (2013),
Platais 8,136.875,-59.16,180,180,180,1,0,MWSC 1629,,OPEN_CLUSTER,Kharchenko (2013),
Sh 2-276,81.87142,-3.95913,1200,1200,860,1.4,0,Barnard's Loop,,HII_REGION,BFS (1982),
Sh 2-109,308.40549,40.33873,1080,1080,1080,1,0,,,HII_REGION,BFS (1982),
Sh 2-245,60.63273,4.12126,720,720,720,1,0,,,HII_REGION,BFS (1982),
Sh 2-312,134.79556,-25.67856,720,720,720,1,0,,,HII_REGION,BFS (1982),
Sh 2-310,108.26976,-24.56941,480,480,480,1,0,,,HII_REGION,BFS (1982),
Sh 2-27,249.28898,-10.56669,480,480,480,1,0,,,HII_REGION,BFS (1982),
Sh 2-118,324.25298,40.20854,480,480,480,1,0,,,HII_REGION,BFS (1982),
Sh 2-178,334.93172,87.75429,420,420,420,1,0,,,HII_REGION,BFS (1982),
Sh 2-264,83.81393,9.93167,390,390,390,1,0,,,HII_REGION,BFS (1982),
Sh 2-220,60.31776,36.40622,320,320,320,1,0,,,HII_REGION,BFS (1982),
Sh 2-230,80.62636,34.13064,300,300,300,1,0,,,HII_REGION,BFS (1982),
Sh 2-273,100.21357,9.90229,250,250,250,1,0,,,HII_REGION,BFS (1982),
Sh 2-7,240.09216,-22.94039,240,240,240,1,0,,,HII_REGION,BFS (1982),
Sh 2-117,314.69749,44.31168,240,240,240,1,0,,,HII_REGION,BFS (1982),
Sh 2-304,100.8682,-24.11792,200,200,200,1,0,,,HII_REGION,BFS (1982),
Sh 2-296,106.43775,-11.21074,200,200,200,1,0,,,HII_REGION,BFS (1982),
Sh 2-171,1.17545,67.14496,180,180,180,1,0,,,HII_REGION,BFS (1982),
Sh 2-108,305.64931,40.24469,180,180,180,1,0,,,HII_REGION,BFS (1982),
SNR G070.0-21.5,321,19.3833,330,330,330,1,0,,,SUPERNOVA_REMNANT,Green SNR (2025),
SNR G065.3+05.7,293.25,31.1667,310,310,310,1,0,,,SUPERNOVA_REMNANT,Green SNR (2025),
Hoinga,143.5,-17,260,260,260,1,0,SNR G249.5+24.5,,SUPERNOVA_REMNANT,Green SNR (2025),
Vela SNR,128.5,-45.8333,255,255,255,1,0,SNR G263.9-03.3,,SUPERNOVA_REMNANT,Green SNR (2025),
RCW 114,261.25,-46.5,250,250,250,1,0,SNR G343.0-06.0,,SUPERNOVA_REMNANT,Green SNR (2025),
SNR G159.6+07.3,80,50,240,240,240,1,0,,,SUPERNOVA_REMNANT,Green SNR (2025),
SNR G116.6-26.1,5.75,36.5,235,235,235,1,0,,,SUPERNOVA_REMNANT,Green SNR (2025),
Cygnus Loop,312.75,30.6667,230,230,230,1,0,SNR G074.0-08.5,,SUPERNOVA_REMNANT,Green SNR (2025),
Monoceros Nebula,99.75,6.5,220,220,220,1,0,SNR G205.5+00.5,,SUPERNOVA_REMNANT,Green SNR (2025),
SNR G206.7+05.9,105.25,8.1667,210,210,210,1,0,,,SUPERNOVA_REMNANT,Green SNR (2025),
SNR G315.1+02.7,216.125,-57.8333,190,190,190,1,0,,,SUPERNOVA_REMNANT,Green SNR (2025),
SNR G107.0+09.0,330.25,66.5,180,180,180,1,0,,,SUPERNOVA_REMNANT,Green SNR (2025),
SNR G150.3+04.5,66.75,55.4667,180,180,180,1,0,,,SUPERNOVA_REMNANT,Green SNR (2025),
Sim 147,84.75,27.8333,180,180,180,1,0,SNR G180.0-01.7,,SUPERNOVA_REMNANT,Green SNR (2025),
Lupus Loop,227.5,-40,180,180,180,1,0,SNR G330.0+15.0,,SUPERNOVA_REMNANT,Green SNR (2025),
Lindblad Ring,34.1875,64.35917,3840,3840,840,4.57,18,[DB2002b] G132+3,,HI_SUPERSHELL,Dutra and Bica (2002b),dimensions from SIMBAD and posAngle from Bobylev (2016)
-12 Km/s CO Clouds,33.09167,64.51694,3540,3540,3540,1,,[DB2002b] G131.5+3,,MOLECULAR_CLOUD,Dutra and Bica (2002b),TODO: minor axis dimensions from DB2002b entries
Spica Dark Nebula,201.3375,-11.12056,1900,1900,1900,1,,[DB2002b] G316.19+50.88,,DARK_NEBULA,Dutra and Bica (2002b),
Aquila Rift,280.3125,0.58389,1530,1530,300,5.1,45,[DB2002b] G31.25+2,,DARK_NEBULA,Dutra and Bica (2002b),
Cygnus Rift,305.05417,36.39972,1410,1410,600,2.35,50,[DB2002b] G74.75+0,,DARK_NEBULA,Dutra and Bica (2002b),
Ophiuchus CO Complex,252.4625,-23.28194,1260,1260,600,2.1,,[DB2002b] G357.5+13.5,,MOLECULAR_CLOUD_COMPLEX,Dutra and Bica (2002b),
Cepheus CO Complex,321.79167,73.98722,1200,1200,1200,1,,[DB2002b] G110+16.5,,MOLECULAR_CLOUD_COMPLEX,Dutra and Bica (2002b),
Perseus OB2 CO Complex,59.65417,32.63306,1140,1140,1140,1,,[DB2002b] G162.5-15.5,,MOLECULAR_CLOUD_COMPLEX,Dutra and Bica (2002b),
Lupus DN Complex,242,-37.51667,1100,1100,1100,1,,[DB2002b] G340.55+10.61,,DARK_NEBULA_COMPLEX,Dutra and Bica (2002b),
Serpens DN Complex,277.5,-2.25,900,900,900,1,,[DB2002b] G28.48+3.74,,DARK_NEBULA_COMPLEX,Dutra and Bica (2002b),
Taurus DN Complex,67.75,26.83333,850,850,850,1,,[DB2002b] G171.88-14.53,,DARK_NEBULA_COMPLEX,Dutra and Bica (2002b),
Taurus Molecular Cloud,67,25,1800,1800,900,2,,Taurus Molecular Cloud,,MOLECULAR_CLOUD,Dame et al.,
Ass Cyg OB 7,318.3875,52.22611,720,720,720,1,,[DB2002b] G93+2.5,,OB_ASSOC,Dutra and Bica (2002b),
Polaris Flare,345.49583,88.16972,720,720,720,1,,[DB2002b] G122+25.5,,MOLECULAR_CLOUD,Dutra and Bica (2002b),
Orion Barnard DN Complex,87.25,2.76667,720,720,720,1,,[DB2002b] G203.17-12.54,,DARK_NEBULA_COMPLEX,Dutra and Bica (2002b),
Vela DN Complex,135.5,-45.65,720,720,720,1,,[DB2002b] G266.87+0.54,,DARK_NEBULA_COMPLEX,Dutra and Bica (2002b),
IREC 276,60.72917,0.57472,697,697,697,1,,[DB2002b] G189.93-36.33,,INFRA_RED_SOURCE,Dutra and Bica (2002b),
rho Ophiuchus DN Complex,248.125,-24.08333,670,670,670,1,,[DB2002b] G354.26+16.07,,DARK_NEBULA_COMPLEX,Dutra and Bica (2002b),
Vela Sheet CO Complex,144.44167,-48.98167,660,660,660,1,,[DB2002b] G273.5+2.5,,MOLECULAR_CLOUD_COMPLEX,Dutra and Bica (2002b),
Upper Scorpius-Ophiuchus DN Complex,247,-17.26667,650,650,650,1,,[DB2002b] G359.07+21.25,,DARK_NEBULA_COMPLEX,Dutra and Bica (2002b),
CO Cloud Barnard,289.8875,14.49528,600,600,600,1,,[DB2002b] G49+0.5,,MOLECULAR_CLOUD,Dutra and Bica (2002b),
Orion A DN Complex,84.25,-6.98333,600,600,600,1,,[DB2002b] G210.73-19.71,,DARK_NEBULA_COMPLEX,Dutra and Bica (2002b),
Chamaeleon CO Complex,178.525,-78.54417,600,600,600,1,,[DB2002b] G300-16,,MOLECULAR_CLOUD_COMPLEX,Dutra and Bica (2002b),
Lower Scorpius DN Complex,256.52917,-41.56667,588,588,588,1,,[DB2002b] G345.04-0.41,,DARK_NEBULA_COMPLEX,Dutra and Bica (2002b),
Vulpecula Rift,294.22083,23.07917,540,540,300,1.8,50,[DB2002b] G58.5+1,,DARK_NEBULA_COMPLEX,Dutra and Bica (2002b),
IREC 4,248.77083,-10.56917,493,493,493,1,,[DB2002b] G5.95+24,,INFRA_RED_SOURCE,Dutra and Bica (2002b),
MBM 5,27.99167,11.06333,460,460,460,1,,[DB2002b] G145.96-49.08,,MOLECULAR_CLOUD,Dutra and Bica (2002b),
IREC 283,79.96667,7.79361,457,457,457,1,,[DB2002b] G194.94-16.33,,INFRA_RED_SOURCE,Dutra and Bica (2002b),
FeSt 1-308,235.10417,-54.46111,450,450,450,1,,[DB2002b] G325.94+0.69,,DARK_NEBULA,Dutra and Bica (2002b),
IREC 125,316.62917,60.77667,446,446,446,1,,[DB2002b] G98.67+9,,INFRA_RED_SOURCE,Dutra and Bica (2002b),
FeSt 1-431,263.82917,-30.73167,440,440,440,1,,[DB2002b] G357.29+0.93,,DARK_NEBULA,Dutra and Bica (2002b),
CODIR 176-32,56.77917,12.23194,420,420,420,1,,[DB2002b] G176-32,,MOLECULAR_CLOUD,Dutra and Bica (2002b),
CODIR 176-36,54.05417,9.24083,420,420,420,1,,[DB2002b] G176.4-36,,MOLECULAR_CLOUD,Dutra and Bica (2002b),
Corona Australis DN Complex,288,-37.5,410,410,410,1,,[DB2002b] G0.12-19.93,,DARK_NEBULA_COMPLEX,Dutra and Bica (2002b),
Lupus I,235.75,-34.785,410,410,410,1,,[DB2002b] G338.49+15.99,,MOLECULAR_CLOUD,Dutra and Bica (2002b),
LDN 621,281.875,3.22222,403,403,403,1,,[DB2002b] G35.35+2.34,,DARK_NEBULA,Dutra and Bica (2002b),
HSVMT 5,355.09167,84.41722,380,380,380,1,,[DB2002b] G121.1+21.8,,DARK_NEBULA,Dutra and Bica (2002b),
Coalsack,192.5,-62.65,375,375,375,1,,[DB2002b] G302.77+0.22,,DARK_NEBULA,Dutra and Bica (2002b),
Lupus VI,247.125,-41.02611,375,375,375,1,,[DB2002b] G340.89+5.33,,MOLECULAR_CLOUD,Dutra and Bica (2002b),
CO Cloud A,290.1625,11.80444,360,360,360,1,,[DB2002b] G46.75-1,,MOLECULAR_CLOUD,Dutra and Bica (2002b),
Barnard 144,299.5,35.33333,360,360,360,1,,[DB2002b] G71.41+3.2,,DARK_NEBULA,Dutra and Bica (2002b),
MBM 55,347.1,15.08778,360,360,360,1,,[DB2002b] G89.19-40.94,,MOLECULAR_CLOUD,Dutra and Bica (2002b),
Monoceros R1 DN Complex,99,10.43333,350,350,350,1,,[DB2002b] G201.9+1.36,,DARK_NEBULA_COMPLEX,Dutra and Bica (2002b),
MonR2 DN Complex,91.75,-6.43333,350,350,350,1,,[DB2002b] G213.66-12.8,,DARK_NEBULA_COMPLEX,Dutra and Bica (2002b),
Lupus V,244.75,-36.78,350,350,350,1,,[DB2002b] G342.66+9.61,,MOLECULAR_CLOUD,Dutra and Bica (2002b),
MBM 3,18.94167,16.79722,345,345,345,1,,[DB2002b] G131.28-45.68,,MOLECULAR_CLOUD,Dutra and Bica (2002b),
LDN 569,274.62917,1.52083,334,334,334,1,,[DB2002b] G30.52+8.01,,DARK_NEBULA,Dutra and Bica (2002b),
G101.9-62.0,3.07083,-0.69694,330,330,330,1,,[DB2002b] G101.74-61.95,,MOLECULAR_CLOUD,Dutra and Bica (2002b),
LDN 841,302.7375,33.14944,329,329,329,1,,[DB2002b] G70.99-0.23,,DARK_NEBULA,Dutra and Bica (2002b),
MBM 14,47.96667,20.02111,320,320,320,1,,[DB2002b] G162.45-31.87,,MOLECULAR_CLOUD,Dutra and Bica (2002b),
FeSt 1-266,211.74167,-60.38778,320,320,320,1,,[DB2002b] G312.14+1.13,,DARK_NEBULA,Dutra and Bica (2002b),
Barnard 228,235.64583,-34.14194,310,310,310,1,,[DB2002b] G338.84+16.53,,DARK_NEBULA,Dutra and Bica (2002b),
IREC 45,254.39583,10.47778,309,309,309,1,,[DB2002b] G29.5+30,,INFRA_RED_SOURCE,Dutra and Bica (2002b),
DIR 001-22,290.8,-37.39194,300,300,300,1,,[DB2002b] G1-22,,INFRA_RED_SOURCE,Dutra and Bica (2002b),
LDN 34,267.0375,-28.01611,300,300,300,1,,[DB2002b] G1.08+0,,DARK_NEBULA,Dutra and Bica (2002b),
DIR 015-54,331.6,-32.00278,300,300,300,1,,[DB2002b] G15-54,,INFRA_RED_SOURCE,Dutra and Bica (2002b),
DIR 022+43,239.37917,11.0375,300,300,300,1,,[DB2002b] G22+43.5,,INFRA_RED_SOURCE,Dutra and Bica (2002b),
CO Cloud C,290.9125,17.93611,300,300,300,1,,[DB2002b] G52.5+1.25,,MOLECULAR_CLOUD,Dutra and Bica (2002b),
LDN 870,309.2375,35.175,300,300,300,1,,[DB2002b] G75.74-3.47,,DARK_NEBULA,Dutra and Bica (2002b),
G135.4-68.7,17.38333,-6.2675,300,300,300,1,,[DB2002b] G135.4-68.7,,MOLECULAR_CLOUD,Dutra and Bica (2002b),
Camelopardalis DN Complex,35.97083,35.15222,300,300,300,1,,[DB2002b] G143.5-24,,DARK_NEBULA_COMPLEX,Dutra and Bica (2002b),
DIR 172-42 Envelope,47.69583,7.79083,300,300,300,1,,[DB2002b] G171.96-41.45,,INFRA_RED_SOURCE,Dutra and Bica (2002b),
Taurus DN Complex Nucleus,70.0875,25.70028,300,300,300,1,,[DB2002b] G174.17-13.67,,DARK_NEBULA_COMPLEX,Dutra and Bica (2002b),
CODIR 183-31,61.30833,8.65056,300,300,300,1,,[DB2002b] G182.6-31,,MOLECULAR_CLOUD,Dutra and Bica (2002b),
CODIR 184-35,59.36667,4.65056,300,300,300,1,,[DB2002b] G184.9-35,,MOLECULAR_CLOUD,Dutra and Bica (2002b),
Rosette DN Complex,98.25,4.48333,300,300,300,1,,[DB2002b] G206.84-2.04,,DARK_NEBULA_COMPLEX,Dutra and Bica (2002b),
LDN 1641,84.35417,-6.97111,300,300,300,1,,[DB2002b] G210.76-19.61,,DARK_NEBULA,Dutra and Bica (2002b),
Crossbones DN Complex,97,-9.88333,300,300,300,1,,[DB2002b] G219.16-9.66,,DARK_NEBULA_COMPLEX,Dutra and Bica (2002b),
HRK236+39 Envelope,146.45833,0.71889,300,300,300,1,,[DB2002b] G235.66+38.27,,MOLECULAR_CLOUD,Dutra and Bica (2002b),
G317-4 CO Complex,226.425,-63.00972,300,300,300,1,,[DB2002b] G317.5-4,,MOLECULAR_CLOUD,Dutra and Bica (2002b),
DBDN 354.3+45.0,226.42917,-3.96611,300,300,300,1,,[DB2002b] G354.32+45.09,,DARK_NEBULA,Dutra and Bica (2002b),
LDN 787,298.2875,22.13056,294,294,294,1,,[DB2002b] G59.56-2.73,,DARK_NEBULA,Dutra and Bica (2002b),
IREC 141,335.0625,63.01028,293,293,293,1,,[DB2002b] G106.72+5,,INFRA_RED_SOURCE,Dutra and Bica (2002b),
IREC 231,54.7375,31.59278,291,291,291,1,,[DB2002b] G159.9-19,,INFRA_RED_SOURCE,Dutra and Bica (2002b),
LDN 649,288.1,8.66833,288,288,288,1,,[DB2002b] G43.03-0.67,,DARK_NEBULA,Dutra and Bica (2002b),
DIR 035-37,317.37083,-14.40472,280,280,280,1,,[DB2002b] G35-37,,INFRA_RED_SOURCE,Dutra and Bica (2002b),
HD210121 Dark Nebula Envelope,332.05,-3.53139,280,280,280,1,,[DB2002b] G56.88-44.46,,DARK_NEBULA,Dutra and Bica (2002b),
IREC 280,68.6,3.8225,280,280,280,1,,[DB2002b] G192-28,,INFRA_RED_SOURCE,Dutra and Bica (2002b),
G113.0-39.5,4.5625,22.73083,270,270,270,1,,[DB2002b] G113-39.5,,MOLECULAR_CLOUD,Dutra and Bica (2002b),
HMST 282.4+0.5C,153.94167,-56.02778,270,270,270,1,,[DB2002b] G282.38+0.5,,DARK_NEBULA,Dutra and Bica (2002b),
DIR 290-62,23.175,-54.08,270,270,270,1,,[DB2002b] G290-62,,INFRA_RED_SOURCE,Dutra and Bica (2002b),
HMST 335.0-2.1C,249.16667,-50.37278,270,270,270,1,,[DB2002b] G335-2.08,,DARK_NEBULA,Dutra and Bica (2002b),
LDN 393,266.175,-7.18667,268,268,268,1,,[DB2002b] G18.69+11.33,,DARK_NEBULA,Dutra and Bica (2002b),
LDN 638,282.60417,7.30917,268,268,268,1,,[DB2002b] G39.33+3.55,,DARK_NEBULA,Dutra and Bica (2002b),
LDN 939,307.76667,48.16972,268,268,268,1,,[DB2002b] G85.54+5.15,,DARK_NEBULA,Dutra and Bica (2002b),
DIR 314-47,351.47917,-68.7475,265,265,265,1,,[DB2002b] G314-46.5,,INFRA_RED_SOURCE,Dutra and Bica (2002b),
LDN 1625,96.91667,5.96806,264,264,264,1,,[DB2002b] G204.91-2.53,,DARK_NEBULA,Dutra and Bica (2002b),
LDN 721,292.8125,16.69,262,262,262,1,,[DB2002b] G52.27-0.94,,DARK_NEBULA,Dutra and Bica (2002b),
LDN 386,273.19583,-11.98611,260,260,260,1,,[DB2002b] G17.86+2.95,,DARK_NEBULA,Dutra and Bica (2002b),
Lupus III,242.375,-39.09,260,260,260,1,,[DB2002b] G339.67+9.26,,MOLECULAR_CLOUD,Dutra and Bica (2002b),
LDN 303,271.98333,-18.99194,255,255,255,1,,[DB2002b] G11.16+0.59,,DARK_NEBULA,Dutra and Bica (2002b),
FeSt 1-359,255.03333,-46.18889,250,250,250,1,,[DB2002b] G340.72-2.37,,DARK_NEBULA,Dutra and Bica (2002b),
LDN 1741,260.54583,-30.0475,250,250,250,1,,[DB2002b] G356.3+3.68,,DARK_NEBULA,Dutra and Bica (2002b),
IREC 25,260.40833,-3.78667,247,247,247,1,,[DB2002b] G18.78+18,,INFRA_RED_SOURCE,Dutra and Bica (2002b),
LDN 559,278.14167,-0.96194,247,247,247,1,,[DB2002b] G29.92+3.75,,DARK_NEBULA,Dutra and Bica (2002b),
LDN 693,287.57083,14.49917,247,247,247,1,,[DB2002b] G47.96+2.49,,DARK_NEBULA,Dutra and Bica (2002b),
IREC 272,75.61667,14.98722,244,244,244,1,,[DB2002b] G186.24-16,,INFRA_RED_SOURCE,Dutra and Bica (2002b),
IREC 390,115.90833,-49.15833,242,242,242,1,,[DB2002b] G262.23-12.33,,INFRA_RED_SOURCE,Dutra and Bica (2002b),
DIR 014+45,235.20417,6.79111,240,240,240,1,,[DB2002b] G14+45,,INFRA_RED_SOURCE,Dutra and Bica (2002b),
DIR 029-43,321.5375,-20.83111,240,240,240,1,,[DB2002b] G29-43,,INFRA_RED_SOURCE,Dutra and Bica (2002b),
DIR 061+22,273.525,33.99222,240,240,240,1,,[DB2002b] G61+22,,INFRA_RED_SOURCE,Dutra and Bica (2002b),
MBM 53,330.82917,24.2425,240,240,240,1,,[DB2002b] G80.77-24.55,,MOLECULAR_CLOUD,Dutra and Bica (2002b),
Draco DN Complex,251.4125,60.71306,240,240,240,1,,[DB2002b] G90.62+38.67,,DARK_NEBULA_COMPLEX,Dutra and Bica (2002b),
DIR 105-31,355.225,29.40361,240,240,240,1,,[DB2002b] G105-31,,INFRA_RED_SOURCE,Dutra and Bica (2002b),
MBM 1a,1.28333,23.86083,240,240,240,1,,[DB2002b] G109.5-37.8,,MOLECULAR_CLOUD,Dutra and Bica (2002b),
DIR 133-64,17.25417,-1.4725,240,240,240,1,,[DB2002b] G133-64,,INFRA_RED_SOURCE,Dutra and Bica (2002b),
DBDN 152.9-31.2,40.99583,25.04139,240,240,240,1,,[DB2002b] G152.9-31.2,,DARK_NEBULA,Dutra and Bica (2002b),
[UT87] 4,53.73333,22.66611,240,240,240,1,,[DB2002b] G165.34-26.44,,DARK_NEBULA,Dutra and Bica (2002b),
LDN 1630,86.38333,-0.98083,240,240,240,1,,[DB2002b] G206.15-15.08,,DARK_NEBULA,Dutra and Bica (2002b),
DIR 266+53,171.61667,-3.66806,240,240,240,1,,[DB2002b] G266+53,,INFRA_RED_SOURCE,Dutra and Bica (2002b),
DIR 282-41,58.62917,-67.89667,240,240,240,1,,[DB2002b] G282-41,,INFRA_RED_SOURCE,Dutra and Bica (2002b),
DBDN 359.7+43.2,230.45833,-2.47417,240,240,240,1,,[DB2002b] G359.7+43.22,,DARK_NEBULA,Dutra and Bica (2002b),
Northern Coalsack,309.19167,42.175,238,238,238,1,,[DB2002b] G81.31+0.78,,DARK_NEBULA,Dutra and Bica (2002b),
DBDN 289.8-30.7,82.48333,-77.97194,230,230,230,1,,[DB2002b] G289.8-30.7,,DARK_NEBULA,Dutra and Bica (2002b),
IREC 42,259.65417,5.94917,226,226,226,1,,[DB2002b] G27.53+23.33,,INFRA_RED_SOURCE,Dutra and Bica (2002b),
LDN 150,269.26667,-25.00528,225,225,225,1,,[DB2002b] G4.68-0.19,,DARK_NEBULA,Dutra and Bica (2002b),
LDN 572,277.6375,0.03528,225,225,225,1,,[DB2002b] G30.58+4.66,,DARK_NEBULA,Dutra and Bica (2002b),
LDN 716,290.80833,17.0975,225,225,225,1,,[DB2002b] G51.72+0.94,,DARK_NEBULA,Dutra and Bica (2002b),
LDN 1238,353.07917,59.77611,225,225,225,1,,[DB2002b] G113.12-1.58,,DARK_NEBULA,Dutra and Bica (2002b),
IREC 171,33.00417,76.44833,225,225,225,1,,[DB2002b] G127.71+14.33,,INFRA_RED_SOURCE,Dutra and Bica (2002b),
IREC 96,257.14583,47.865,221,221,221,1,,[DB2002b] G74.03+36.67,,INFRA_RED_SOURCE,Dutra and Bica (2002b),
HMST 266.4-0.1C,134.43333,-45.71083,220,220,220,1,,[DB2002b] G266.42-0.05,,DARK_NEBULA,Dutra and Bica (2002b),
Chamaeleon III,190.5,-80.36667,220,220,220,1,,[DB2002b] G302.56-17.5,,MOLECULAR_CLOUD,Dutra and Bica (2002b),
HMST 314.0-22.3C,259.72083,-78.88278,220,220,220,1,,[DB2002b] G313.98-22.33,,DARK_NEBULA,Dutra and Bica (2002b),
HMST 332.4-3.3C,247.78333,-53.06556,220,220,220,1,,[DB2002b] G332.44-3.27,,DARK_NEBULA,Dutra and Bica (2002b),
IREC 149,327.5625,76.55111,217,217,217,1,,[DB2002b] G112.96+17.33,,INFRA_RED_SOURCE,Dutra and Bica (2002b),
FeSt 1-51,127.6375,-42.6025,216,216,216,1,,[DB2002b] G260.97-1.96,,DARK_NEBULA,Dutra and Bica (2002b),
IREC 203,101.54583,70.36389,214,214,214,1,,[DB2002b] G144.69+25,,INFRA_RED_SOURCE,Dutra and Bica (2002b),
FeSt 1-430,268.14583,-33.06083,214,214,214,1,,[DB2002b] G357.23-3.4,,DARK_NEBULA,Dutra and Bica (2002b),
LDN 1769,265.55,-30.02333,212,212,212,1,,[DB2002b] G358.68+0.06,,DARK_NEBULA,Dutra and Bica (2002b),
DIR 025+35,248.15,9.26139,210,210,210,1,,[DB2002b] G25+35,,INFRA_RED_SOURCE,Dutra and Bica (2002b),
DIR 087+29,271.775,57.87139,210,210,210,1,,[DB2002b] G86.5+28.5,,INFRA_RED_SOURCE,Dutra and Bica (2002b),
HSVMT 19,83.1,65.21917,210,210,210,1,,[DB2002b] G146.34+17.21,,DARK_NEBULA,Dutra and Bica (2002b),
CODIR 155.1-34,41.22083,21.69,210,210,210,1,,[DB2002b] G155.1-34,,MOLECULAR_CLOUD,Dutra and Bica (2002b),
DIR 179-49,45.84583,-1.04333,210,210,210,1,,[DB2002b] G179-49,,INFRA_RED_SOURCE,Dutra and Bica (2002b),
3C105.0 Direction Cloud,61.88333,3.65,210,210,210,1,,[DB2002b] G187.7-33.6,,MOLECULAR_CLOUD,Dutra and Bica (2002b),
DBDN 191.2-38.4,59.59583,-1.43139,210,210,210,1,,[DB2002b] G191.2-38.4,,DARK_NEBULA,Dutra and Bica (2002b),
DIR 289-53,30.91667,-62.13083,210,210,210,1,,[DB2002b] G289-53,,INFRA_RED_SOURCE,Dutra and Bica (2002b),
LDN 1373,39.45417,61.21639,208,208,208,1,,[DB2002b] G135.38+0.94,,DARK_NEBULA,Dutra and Bica (2002b),
IREC 278,117.76667,29.25833,208,208,208,1,,[DB2002b] G191.4+25,,INFRA_RED_SOURCE,Dutra and Bica (2002b),
DIR 077-37,336.52083,12.4425,200,200,200,1,,[DB2002b] G76.5-37,,INFRA_RED_SOURCE,Dutra and Bica (2002b),
CODIR 186-32,62.41667,5.61639,200,200,200,1,,[DB2002b] G186.2-32,,MOLECULAR_CLOUD,Dutra and Bica (2002b),
BDN 352.97+16.95,246.50417,-24.44583,200,200,200,1,,[DB2002b] G352.97+16.95,,DARK_NEBULA,Dutra and Bica (2002b),
LDN 1107,329.1875,54.48833,199,199,199,1,,[DB2002b] G99.29-0.16,,DARK_NEBULA,Dutra and Bica (2002b),
LDN 1306,15.77917,62.26833,199,199,199,1,,[DB2002b] G124.29-0.57,,DARK_NEBULA,Dutra and Bica (2002b),
DBDN 43.7-23.6,308.62083,-1.72139,195,195,195,1,,[DB2002b] G43.71-23.6,,DARK_NEBULA,Dutra and Bica (2002b),
LDN 405,275.69583,-11.47389,194,194,194,1,,[DB2002b] G19.47+1.03,,DARK_NEBULA,Dutra and Bica (2002b),
IREC 254,94.7,41.55278,193,193,193,1,,[DB2002b] G172.16+12,,INFRA_RED_SOURCE,Dutra and Bica (2002b),
DBDN 290.4-44.9,38.85833,-69.52528,193,193,193,1,,[DB2002b] G290.41-44.99,,DARK_NEBULA,Dutra and Bica (2002b),
LDN 246,266.2375,-19.52,190,190,190,1,,[DB2002b] G7.98+5.02,,DARK_NEBULA,Dutra and Bica (2002b),
DIR 025+41,242.675,11.91528,190,190,190,1,,[DB2002b] G25+41,,INFRA_RED_SOURCE,Dutra and Bica (2002b),
LDN 590,286.65417,-3.005,190,190,190,1,,[DB2002b] G31.98-4.75,,DARK_NEBULA,Dutra and Bica (2002b),
LDN 818,304.275,26.15556,190,190,190,1,,[DB2002b] G65.89-5.2,,DARK_NEBULA,Dutra and Bica (2002b),
LDN 1029,315.36667,54.19722,190,190,190,1,,[DB2002b] G93.24+5.16,,DARK_NEBULA,Dutra and Bica (2002b),
IREC 165,181.05417,86.55306,190,190,190,1,,[DB2002b] G123.75+30.5,,INFRA_RED_SOURCE,Dutra and Bica (2002b),
MBM 12,44.20833,19.53417,190,190,190,1,,[DB2002b] G159.35-34.32,,MOLECULAR_CLOUD,Dutra and Bica (2002b),
DIR 280-55,37.45833,-57.52778,190,190,190,1,,[DB2002b] G280-55,,INFRA_RED_SOURCE,Dutra and Bica (2002b),
Carina DN Complex,160.25,-59.2,190,190,190,1,,[DB2002b] G286.91-0.45,,DARK_NEBULA_COMPLEX,Dutra and Bica (2002b),
DCld 303.8+1.3,194.7125,-61.54806,190,190,190,1,,[DB2002b] G303.81+1.31,,DARK_NEBULA,Dutra and Bica (2002b),
LDN 1677,253.30417,-32.08167,190,190,190,1,,[DB2002b] G350.95+7.45,,DARK_NEBULA,Dutra and Bica (2002b),
IREC 86,286.7875,32.12028,188,188,188,1,,[DB2002b] G63.53+11,,INFRA_RED_SOURCE,Dutra and Bica (2002b),
IREC 116,258.90417,61.25083,188,188,188,1,,[DB2002b] G90.48+35,,INFRA_RED_SOURCE,Dutra and Bica (2002b),
LDN 1459,62.09167,39.63194,187,187,187,1,,[DB2002b] G159.13-9.02,,DARK_NEBULA,Dutra and Bica (2002b),
IREC 293,110.74583,13.46639,187,187,187,1,,[DB2002b] G204.29+13,,INFRA_RED_SOURCE,Dutra and Bica (2002b),
IREC 313,99.425,-5.75778,187,187,187,1,,[DB2002b] G216.51-5.67,,INFRA_RED_SOURCE,Dutra and Bica (2002b),
IREC 81,267.0125,34.62972,181,181,181,1,,[DB2002b] G59.93+27.33,,INFRA_RED_SOURCE,Dutra and Bica (2002b),
Pipe Bowl,263.17917,-25.6,180,180,180,1,,[DB2002b] G1.31+4.2,,DARK_NEBULA,Dutra and Bica (2002b),
Corona Australis-East DN Complex,295.975,-35.79694,180,180,180,1,,[DB2002b] G4-25.5,,DARK_NEBULA_COMPLEX,Dutra and Bica (2002b),
IREC 3,238.12083,-3.52694,180,180,180,1,,[DB2002b] G5.05+36.67,,INFRA_RED_SOURCE,Dutra and Bica (2002b),
DIR 013+40,238.95417,3.35083,180,180,180,1,,[DB2002b] G12.8+40,,INFRA_RED_SOURCE,Dutra and Bica (2002b),
DIR 034+26,259.80417,12.40389,180,180,180,1,,[DB2002b] G34+26,,INFRA_RED_SOURCE,Dutra and Bica (2002b),
DIR 044+28,261.40417,21.40306,180,180,180,1,,[DB2002b] G44+28,,INFRA_RED_SOURCE,Dutra and Bica (2002b),
DIR 071-43,337.1875,5.53944,180,180,180,1,,[DB2002b] G71-42.5,,INFRA_RED_SOURCE,Dutra and Bica (2002b),
MBM 54,348.02083,19.48861,180,180,180,1,,[DB2002b] G92.97-37.54,,MOLECULAR_CLOUD,Dutra and Bica (2002b),
DIR 117-44,7.98333,18.62778,180,180,180,1,,[DB2002b] G116.5-44,,INFRA_RED_SOURCE,Dutra and Bica (2002b),
CODIR 144.0-51,26.12917,9.68778,180,180,180,1,,[DB2002b] G144-51,,MOLECULAR_CLOUD,Dutra and Bica (2002b),
MBM 32,143.19583,65.86194,180,180,180,1,,[DB2002b] G147.2+40.67,,MOLECULAR_CLOUD,Dutra and Bica (2002b),
DIR 152-47,32.8375,11.81222,180,180,180,1,,[DB2002b] G152-46.5,,INFRA_RED_SOURCE,Dutra and Bica (2002b),
3C75.0 Direction Cloud,43.04583,5.7925,180,180,180,1,,[DB2002b] G169-46,,MOLECULAR_CLOUD,Dutra and Bica (2002b),
MBM 16,50.10417,10.67972,180,180,180,1,,[DB2002b] G171.68-37.71,,MOLECULAR_CLOUD,Dutra and Bica (2002b),
DIR 172-42,47.67917,7.73333,180,180,180,1,,[DB2002b] G172-41.5,,INFRA_RED_SOURCE,Dutra and Bica (2002b),
IREC 257,179.67083,35.47333,180,180,180,1,,[DB2002b] G173.11+76,,INFRA_RED_SOURCE,Dutra and Bica (2002b),
MT 1 Cloud,102.02917,-3.86917,180,180,180,1,,[DB2002b] G216-2.5,,DARK_NEBULA,Dutra and Bica (2002b),
IRC+10216,147,13.27667,180,180,180,1,,[DB2002b] G221.46+45.07,,MOLECULAR_CLOUD,Dutra and Bica (2002b),
IREC 351,89.45417,-33.26333,180,180,180,1,,[DB2002b] G239.1-25,,INFRA_RED_SOURCE,Dutra and Bica (2002b),
DIR 265-31,87.14167,-56.77278,180,180,180,1,,[DB2002b] G265-30.9,,INFRA_RED_SOURCE,Dutra and Bica (2002b),
DIR 288+32,177.89583,-29.07194,180,180,180,1,,[DB2002b] G287.5+32,,INFRA_RED_SOURCE,Dutra and Bica (2002b),
DIR 292-37,53.24583,-76.48167,180,180,180,1,,[DB2002b] G292-37,,INFRA_RED_SOURCE,Dutra and Bica (2002b),
[KM86] 295.3-13.0,164.54167,-74.16889,180,180,180,1,,[DB2002b] G295.3-13,,MOLECULAR_CLOUD,Dutra and Bica (2002b),
Musca DN Complex,186.75,-71.56667,180,180,180,1,,[DB2002b] G300.98-8.78,,DARK_NEBULA_COMPLEX,Dutra and Bica (2002b),
IREC 456,297.45417,-81.24278,180,180,180,1,,[DB2002b] G312.63-29,,INFRA_RED_SOURCE,Dutra and Bica (2002b),
DIR 327-30,296.30417,-68.70722,180,180,180,1,,[DB2002b] G327-30,,INFRA_RED_SOURCE,Dutra and Bica (2002b),
Lupus IV,240.75,-41.95028,180,180,180,1,,[DB2002b] G336.79+7.99,,MOLECULAR_CLOUD,Dutra and Bica (2002b),
IREC 487,309.27083,-58.95694,180,180,180,1,,[DB2002b] G338-36.5,,INFRA_RED_SOURCE,Dutra and Bica (2002b),
Aries Molecular Cloud,43.75,20,300,300,300,1,0,Aries Cloud,,MOLECULAR_CLOUD,,
Bootes Void,222.5,46,1200,1200,1200,1,0,Bootes Void,,VOID,,
Camelopardalis Cloud,52.5,59,600,600,600,1,,Cam Dark Cloud,,MOLECULAR_CLOUD,,
Centaurus Supercluster,195,-32,2400,2400,2400,1,,Centaurus Supercluster,,SUPERCLUSTER_OF_GALAXIES,,
Cygnus OB2 Association,308.25,41.3,120,120,120,1,,Cygnus OB2,,OB_ASSOC,,
Cygnus Superbubble,307.5,41,900,900,900,1,,Cygnus X Region,,SUPERBUBBLE,,
Eridanus Superbubble,67.5,-15,1200,1200,1200,1,,Orion-Eridanus Superbubble,,SUPERBUBBLE,,
Eridanus Supervoid,48.75,-19.58,600,600,600,1,,CMB Cold Spot,,VOID,,
Galactic Center,266.25,-29,0,0,0,1,0,Sagittarius A,,GALACTIC_CENTER,,
Great Attractor,243.75,-60.9,1200,1200,1200,1,0,Great Attractor,,UNKNOWN,,
Great Rift,292.5,10,4800,4800,600,8,60,Dark Rift,,DARK_NEBULA,,
Gould’s Belt (center),24.63,48.13,0,0,0,0,0,Cas-Tau OB association (center),,PART_OF_GALAXY,,
Gum Nebula,136,-45,2400,2400,1800,1.33,,Gum 16,,HII_SUPERSHELL,"Gum, 1955",
Hyades (Tidal Radius),67.447,16.948,1200,1200,1200,1,0,"Cl Melotte 25, Cl Collinder 50",,OPEN_CLUSTER,SIMBAD,
Lambda Orionis Ring,83.8,9.9,480,480,480,1,,Sh 2-264,,HII_REGION,Sharpless,
Laniakea,243.8,-60.9,6000,6000,6000,1,,Laniakea Supercluster,,SUPERCLUSTER_OF_GALAXIES,,
Large Magellanic Cloud (LMC),80.8942,-69.7561,322.827,322.827,274.77,1.17,170,Large Magellanic Cloud,,GALAXY,SIMBAD,
Local Void,279.5,18,9000,9000,9000,1,,Local Void,,VOID,,
Loop I,225.3433,-38.7067,4500,4500,3480,1.29,287.24,,,SUPERNOVA_REMNANT_CANDIDATE,"Berkhuijsen, 1971",
North Polar Spur,180,0,6000,6000,1200,5,287.24,,,INTERSTELLAR_MEDIUM_OBJECT,Loop I studies,
Orion Molecular Cloud Complex,85,-5,1200,1200,900,1.33,0,Orion Complex,,MOLECULAR_CLOUD,Dame et al.,
Orion OB1 Association,84,-1,1800,1800,1200,1.5,0,Orion OB1,,OB_ASSOC,Brown et al.,
Orion-Eridanus Superbubble,75,-10,2700,2700,1800,1.5,0,,,SUPERBUBBLE,Heiles et al.,
Perseus Molecular Cloud,53.75,31.2,360,360,120,3,60,Perseus Cloud,,MOLECULAR_CLOUD,,
Perseus OB2 Association,56.25,32,600,600,300,2,60,Perseus OB2,,OB_ASSOC,,
Perseus-Pisces Supercluster,37.5,40,3000,3000,3000,1,0,Perseus-Pisces Supercluster,,SUPERCLUSTER_OF_GALAXIES,,
Sagittarius A*,17.76,-29.01,0,0.000012,0.000006,2,82,Supermassive Black Hole,,BLACK_HOLE,,
Scorpius-Centaurus Association,240,-35,4800,4800,3600,1.33,0,Sco-Cen OB Association,,OB_ASSOC,"de Zeeuw et al., 1999",
Shapley Supercluster (core),196.5,-33.0667,192,192,108,1.78,0,Shapley Concentration,,SUPERCLUSTER_OF_GALAXIES,SIMBAD,
Shapley Supercluster,196.5,-33.0667,720,720,480,1.5,0,Shapley Concentration,,SUPERCLUSTER_OF_GALAXIES,SIMBAD,
Small Magellanic Cloud (SMC),13.1583,-72.8003,158,158,93,1.7,45,NGC 292,,GALAXY,,
Virgo Supercluster,187.5,12,6600,6600,6600,1,0,Local Supercluster,,SUPERCLUSTER_OF_GALAXIES,,
